meanfreq,sd,median,mode,Q25,Q75,IQR,skew,kurt,label
0.016792364120483398,0.027597002029418945,0.0,0.0,0.28248275862068967,0.847448275862069,0.5649655172413793,1.3871602248101007,3.9109698787195493,male
0.009112651824951173,0.0190684757232666,0.0,0.0,0.3150769230769231,1.2603076923076924,0.9452307692307693,1.1305607423988033,2.94740788577849,male
0.018668745040893556,0.024009357452392577,0.0,0.0,0.12047058823529412,0.6023529411764706,0.4818823529411765,2.39942814719357,7.160086896170437,male
0.041989612579345706,0.02678567123413086,0.05670232391357422,0.0,0.07585185185185185,1.0872098765432097,1.0113580246913578,8.08955310540497,70.21444936196174,male
0.02383847236633301,0.035639251708984375,0.0,0.0,0.19051162790697673,1.2383255813953489,1.0478139534883721,2.43399224942011,8.820641140998308,female
0.055713428497314456,0.024076555252075197,0.06363244247436524,0.0,0.02694736842105263,0.8892631578947368,0.8623157894736841,8.236891402445394,70.46930785916923,female
